epoch,step,train_loss,val_loss
0,739,0.048125091940164566,
0,749,,0.13368231058120728
1,1479,0.13742825388908386,
1,1499,,0.09590435028076172
2,2219,0.02938552387058735,
2,2249,,0.09617435932159424
