epoch,step,train_loss,val_loss
0,31,,1.3538321256637573
1,49,0.7688040733337402,
1,63,,0.5998512506484985
2,95,,0.4409981369972229
3,99,0.46940141916275024,
3,127,,0.40718168020248413
4,149,0.22639372944831848,
4,159,,0.3696863651275635
