epoch,step,train_loss
0,49,292.09271240234375
0,99,262.828369140625
0,149,172.11570739746094
