epoch,step,train_loss,val_loss
0,31,,1.4265451431274414
1,49,0.8568969964981079,
1,63,,0.8152148723602295
2,95,,0.5159149765968323
3,99,0.3400641977787018,
3,127,,0.4713781774044037
4,149,0.22919228672981262,
4,159,,0.40159285068511963
5,191,,0.3857930898666382
6,199,0.20867927372455597,
6,223,,0.39908167719841003
7,249,0.05190310254693031,
7,255,,0.4097696542739868
